Country,Card_Type,Device_Type,Card_Presence,Total_Transactions,Fraudulent_Transactions,Total_Amount,Fraud_Loss
Australia,Credit,Mobile,Card-Not-Present,1806,33,251078.51,3904.52
Australia,Credit,Mobile,Card-Present,3497,49,497744.61,7812.63
Australia,Credit,Terminal,Card-Not-Present,1777,28,252198.42,3360.05
Australia,Credit,Terminal,Card-Present,3429,68,483904.85,9410.57
Australia,Credit,Web,Card-Not-Present,1726,31,246748.23,4367.55
Australia,Credit,Web,Card-Present,3492,40,501709.17,5072.64
Australia,Debit,Mobile,Card-Not-Present,1731,29,253962.49,5330.7
Australia,Debit,Mobile,Card-Present,3402,52,489606.38,7052.24
Australia,Debit,Terminal,Card-Not-Present,1751,17,250294.19,2132.37
Australia,Debit,Terminal,Card-Present,3531,55,503840.59,8230.22
Australia,Debit,Web,Card-Not-Present,1677,19,236921.2,2267.85
Australia,Debit,Web,Card-Present,3511,59,511803.53,9283.17
Australia,Gold,Mobile,Card-Not-Present,1808,23,258249.89,2723.0099999999998
Australia,Gold,Mobile,Card-Present,3495,61,507338.72,8498.75
Australia,Gold,Terminal,Card-Not-Present,1701,20,250856.56,4015.61
Australia,Gold,Terminal,Card-Present,3425,51,517085.31,7649.23
Australia,Gold,Web,Card-Not-Present,1721,22,251501.83,3465.75
Australia,Gold,Web,Card-Present,3364,61,476827.26,9246.47
Australia,Platinum,Mobile,Card-Not-Present,1738,14,254602.91,2365.02
Australia,Platinum,Mobile,Card-Present,3497,49,498383.03,6330.78
Australia,Platinum,Terminal,Card-Not-Present,1768,21,257008.67,3558.99
Australia,Platinum,Terminal,Card-Present,3540,61,532470.06,9383.36
Australia,Platinum,Web,Card-Not-Present,1773,22,252475.47,2965.33
Australia,Platinum,Web,Card-Present,3392,44,486639.36,7199.11
Canada,Credit,Mobile,Card-Not-Present,1798,28,261365.74,3745.63
Canada,Credit,Mobile,Card-Present,3559,46,533136.57,6366.099999999999
Canada,Credit,Terminal,Card-Not-Present,1735,29,253393.78,3993.94
Canada,Credit,Terminal,Card-Present,3477,53,515722.8,6551.41
Canada,Credit,Web,Card-Not-Present,1772,29,258932.36,3845.4
Canada,Credit,Web,Card-Present,3397,41,494707.71,5303.8
Canada,Debit,Mobile,Card-Not-Present,1807,24,263927.59,2671.62
Canada,Debit,Mobile,Card-Present,3488,50,505676.01,7940.43
Canada,Debit,Terminal,Card-Not-Present,1768,30,263086.62,4718.99
Canada,Debit,Terminal,Card-Present,3500,51,511906.0,7572.42
Canada,Debit,Web,Card-Not-Present,1716,19,247417.8,2596.39
Canada,Debit,Web,Card-Present,3495,47,506184.42,7160.14
Canada,Gold,Mobile,Card-Not-Present,1815,28,257676.83,3158.41
Canada,Gold,Mobile,Card-Present,3449,46,499438.14,6343.29
Canada,Gold,Terminal,Card-Not-Present,1685,27,239082.71,2999.15
Canada,Gold,Terminal,Card-Present,3446,51,500031.7,7358.53
Canada,Gold,Web,Card-Not-Present,1743,20,258444.73,2726.06
Canada,Gold,Web,Card-Present,3420,49,481877.77,7362.7699999999995
Canada,Platinum,Mobile,Card-Not-Present,1646,16,235972.91,2017.1
Canada,Platinum,Mobile,Card-Present,3495,48,506906.4,6881.8
Canada,Platinum,Terminal,Card-Not-Present,1761,27,256908.68,3318.89
Canada,Platinum,Terminal,Card-Present,3442,48,490607.3,7338.86
Canada,Platinum,Web,Card-Not-Present,1768,25,261519.18,2989.29
Canada,Platinum,Web,Card-Present,3532,56,519423.84,7880.9
France,Credit,Mobile,Card-Not-Present,1743,28,251601.24,4119.88
France,Credit,Mobile,Card-Present,3409,57,501271.43,9215.79
France,Credit,Terminal,Card-Not-Present,1620,27,241655.17,4984.38
France,Credit,Terminal,Card-Present,3533,49,529172.18,8355.79
France,Credit,Web,Card-Not-Present,1809,25,261443.37,5329.32
France,Credit,Web,Card-Present,3407,51,503499.75,7397.42
France,Debit,Mobile,Card-Not-Present,1801,43,268365.17,6779.74
France,Debit,Mobile,Card-Present,3479,62,502936.57,7799.7
France,Debit,Terminal,Card-Not-Present,1677,19,238414.52,2238.7
France,Debit,Terminal,Card-Present,3476,49,501412.81,7780.37
France,Debit,Web,Card-Not-Present,1721,17,249529.77,2637.4900000000002
France,Debit,Web,Card-Present,3582,54,511993.57,6841.49
France,Gold,Mobile,Card-Not-Present,1689,19,245753.08,4526.76
France,Gold,Mobile,Card-Present,3509,60,517959.71,8379.09
France,Gold,Terminal,Card-Not-Present,1776,25,257541.62,2859.2599999999998
France,Gold,Terminal,Card-Present,3482,43,496650.82,6538.26
France,Gold,Web,Card-Not-Present,1698,25,242531.83,3760.31
France,Gold,Web,Card-Present,3385,46,508414.27,6471.5
France,Platinum,Mobile,Card-Not-Present,1827,30,267257.33,4627.41
France,Platinum,Mobile,Card-Present,3436,52,496705.15,6921.61
France,Platinum,Terminal,Card-Not-Present,1838,22,262339.06,2587.93
France,Platinum,Terminal,Card-Present,3564,50,521749.78,6204.97
France,Platinum,Web,Card-Not-Present,1734,19,256048.17,2752.36
France,Platinum,Web,Card-Present,3428,50,494594.93,7474.61
Germany,Credit,Mobile,Card-Not-Present,1789,34,266007.83,4372.19
Germany,Credit,Mobile,Card-Present,3483,67,504603.33,9207.6
Germany,Credit,Terminal,Card-Not-Present,1758,26,251594.99,4151.22
Germany,Credit,Terminal,Card-Present,3472,63,497728.54,9416.98
Germany,Credit,Web,Card-Not-Present,1688,25,243120.78,3663.06
Germany,Credit,Web,Card-Present,3431,43,492268.33,6166.46
Germany,Debit,Mobile,Card-Not-Present,1695,33,251998.44,4642.81
Germany,Debit,Mobile,Card-Present,3497,46,509408.48,5179.86
Germany,Debit,Terminal,Card-Not-Present,1787,22,251176.16,3295.9300000000003
Germany,Debit,Terminal,Card-Present,3376,55,486888.09,7439.89
Germany,Debit,Web,Card-Not-Present,1752,23,261431.6,3137.9
Germany,Debit,Web,Card-Present,3376,55,487106.79,6816.0
Germany,Gold,Mobile,Card-Not-Present,1695,24,242309.11,4616.38
Germany,Gold,Mobile,Card-Present,3493,55,511553.95,7112.9
Germany,Gold,Terminal,Card-Not-Present,1705,26,246731.59,3185.54
Germany,Gold,Terminal,Card-Present,3532,49,511295.98,6881.36
Germany,Gold,Web,Card-Not-Present,1720,26,246482.04,3983.61
Germany,Gold,Web,Card-Present,3577,57,526587.44,8996.05
Germany,Platinum,Mobile,Card-Not-Present,1675,26,244217.06,3363.81
Germany,Platinum,Mobile,Card-Present,3493,69,509079.67,10001.6
Germany,Platinum,Terminal,Card-Not-Present,1826,24,262974.8,3957.71
Germany,Platinum,Terminal,Card-Present,3489,66,493158.68,9768.2
Germany,Platinum,Web,Card-Not-Present,1603,27,233685.71,3537.44
Germany,Platinum,Web,Card-Present,3508,55,507470.16,7403.62
India,Credit,Mobile,Card-Not-Present,1694,32,249155.32,4830.2
India,Credit,Mobile,Card-Present,3513,40,505591.58,4865.01
India,Credit,Terminal,Card-Not-Present,1715,19,250839.52,3589.72
India,Credit,Terminal,Card-Present,3481,61,510134.25,9983.83
India,Credit,Web,Card-Not-Present,1684,33,242215.86,3490.15
India,Credit,Web,Card-Present,3524,45,506570.69,6387.68
India,Debit,Mobile,Card-Not-Present,1842,46,260661.17,6266.62
India,Debit,Mobile,Card-Present,3382,43,492245.0,6634.32
India,Debit,Terminal,Card-Not-Present,1766,31,252371.47,5296.85
India,Debit,Terminal,Card-Present,3445,60,494549.73,7900.45
India,Debit,Web,Card-Not-Present,1667,23,237109.66,2210.71
India,Debit,Web,Card-Present,3499,51,512007.97,7148.99
India,Gold,Mobile,Card-Not-Present,1778,25,259368.52,3716.82
India,Gold,Mobile,Card-Present,3409,47,503007.47,6498.12
India,Gold,Terminal,Card-Not-Present,1726,24,253694.1,3357.02
India,Gold,Terminal,Card-Present,3474,56,508809.3,9367.13
India,Gold,Web,Card-Not-Present,1743,27,251213.23,4845.25
India,Gold,Web,Card-Present,3366,47,484948.79,5976.55
India,Platinum,Mobile,Card-Not-Present,1684,27,248229.25,3530.89
India,Platinum,Mobile,Card-Present,3501,61,507208.07,7740.27
India,Platinum,Terminal,Card-Not-Present,1797,37,259081.55,5390.4
India,Platinum,Terminal,Card-Present,3489,70,506508.93,9575.67
India,Platinum,Web,Card-Not-Present,1674,23,250129.61000000002,4436.46
India,Platinum,Web,Card-Present,3497,41,514531.55,6260.95
Singapore,Credit,Mobile,Card-Not-Present,1724,36,254164.88,4770.39
Singapore,Credit,Mobile,Card-Present,3455,45,496713.72,7630.4400000000005
Singapore,Credit,Terminal,Card-Not-Present,1765,34,259673.87,7572.85
Singapore,Credit,Terminal,Card-Present,3348,62,480953.47,9135.21
Singapore,Credit,Web,Card-Not-Present,1695,22,250461.7,2612.38
Singapore,Credit,Web,Card-Present,3373,43,498826.7,6465.05
Singapore,Debit,Mobile,Card-Not-Present,1770,27,252424.22,4212.12
Singapore,Debit,Mobile,Card-Present,3409,41,488021.85,5910.48
Singapore,Debit,Terminal,Card-Not-Present,1724,35,252715.77,4329.59
Singapore,Debit,Terminal,Card-Present,3501,54,502030.36,8884.27
Singapore,Debit,Web,Card-Not-Present,1663,20,244278.15,2475.73
Singapore,Debit,Web,Card-Present,3585,55,519667.78,8830.84
Singapore,Gold,Mobile,Card-Not-Present,1688,23,248638.03,5351.1900000000005
Singapore,Gold,Mobile,Card-Present,3573,55,503449.75,8059.3
Singapore,Gold,Terminal,Card-Not-Present,1774,23,260933.34,2782.41
Singapore,Gold,Terminal,Card-Present,3481,60,513429.11,8648.91
Singapore,Gold,Web,Card-Not-Present,1795,20,259856.56,3327.5
Singapore,Gold,Web,Card-Present,3465,45,496994.01,5636.0599999999995
Singapore,Platinum,Mobile,Card-Not-Present,1757,32,256829.08,4598.28
Singapore,Platinum,Mobile,Card-Present,3505,49,519427.44,7269.53
Singapore,Platinum,Terminal,Card-Not-Present,1658,27,245250.26,4028.84
Singapore,Platinum,Terminal,Card-Present,3365,49,488644.49,8335.86
Singapore,Platinum,Web,Card-Not-Present,1739,23,253198.22,4257.72
Singapore,Platinum,Web,Card-Present,3471,55,515557.03,8568.75
UK,Credit,Mobile,Card-Not-Present,1772,29,249327.06,3834.0099999999998
UK,Credit,Mobile,Card-Present,3574,50,520750.36,6882.3
UK,Credit,Terminal,Card-Not-Present,1698,25,261424.72,5009.17
UK,Credit,Terminal,Card-Present,3510,62,510956.77,7563.5
UK,Credit,Web,Card-Not-Present,1771,29,262870.39,4484.65
UK,Credit,Web,Card-Present,3434,61,501533.97,8766.55
UK,Debit,Mobile,Card-Not-Present,1771,22,258675.52,3021.47
UK,Debit,Mobile,Card-Present,3500,48,513568.89,6791.3
UK,Debit,Terminal,Card-Not-Present,1703,19,239602.51,2676.2
UK,Debit,Terminal,Card-Present,3473,50,506838.51,7859.05
UK,Debit,Web,Card-Not-Present,1778,35,270101.83,4420.15
UK,Debit,Web,Card-Present,3435,58,505914.7,7224.06
UK,Gold,Mobile,Card-Not-Present,1712,34,247256.43,4514.8
UK,Gold,Mobile,Card-Present,3522,43,525448.28,6736.02
UK,Gold,Terminal,Card-Not-Present,1694,29,245036.43,3506.6800000000003
UK,Gold,Terminal,Card-Present,3437,52,504202.09,7417.07
UK,Gold,Web,Card-Not-Present,1734,29,247846.32,5596.21
UK,Gold,Web,Card-Present,3415,46,504174.12,7799.37
UK,Platinum,Mobile,Card-Not-Present,1795,24,262240.38,2485.91
UK,Platinum,Mobile,Card-Present,3518,62,498714.29,10086.12
UK,Platinum,Terminal,Card-Not-Present,1739,35,246931.27,6371.11
UK,Platinum,Terminal,Card-Present,3522,60,511393.15,7216.12
UK,Platinum,Web,Card-Not-Present,1800,23,260810.26,2182.0
UK,Platinum,Web,Card-Present,3485,53,505374.25,8389.99
USA,Credit,Mobile,Card-Not-Present,1753,23,250014.46,3206.17
USA,Credit,Mobile,Card-Present,3417,49,503734.91,5945.24
USA,Credit,Terminal,Card-Not-Present,1747,27,255259.48,4162.89
USA,Credit,Terminal,Card-Present,3387,46,487029.13,6773.01
USA,Credit,Web,Card-Not-Present,1768,26,252356.78,3926.84
USA,Credit,Web,Card-Present,3492,42,507226.47,4686.88
USA,Debit,Mobile,Card-Not-Present,1656,26,239324.21,3914.94
USA,Debit,Mobile,Card-Present,3444,69,509720.4,12012.83
USA,Debit,Terminal,Card-Not-Present,1678,25,247139.15,3622.2799999999997
USA,Debit,Terminal,Card-Present,3486,40,502334.94,6769.49
USA,Debit,Web,Card-Not-Present,1753,31,255621.3,4534.69
USA,Debit,Web,Card-Present,3494,49,509614.24,7312.31
USA,Gold,Mobile,Card-Not-Present,1758,22,254951.11000000002,3376.13
USA,Gold,Mobile,Card-Present,3431,56,494682.55,8371.3
USA,Gold,Terminal,Card-Not-Present,1765,19,248517.46,2168.15
USA,Gold,Terminal,Card-Present,3496,43,505783.42,5019.07
USA,Gold,Web,Card-Not-Present,1726,26,246064.02,3002.16
USA,Gold,Web,Card-Present,3459,50,505138.25,7574.17
USA,Platinum,Mobile,Card-Not-Present,1714,25,259692.72,4247.36
USA,Platinum,Mobile,Card-Present,3465,37,502122.64,5495.51
USA,Platinum,Terminal,Card-Not-Present,1731,24,248243.94,2860.17
USA,Platinum,Terminal,Card-Present,3510,46,506161.89,7016.22
USA,Platinum,Web,Card-Not-Present,1672,25,252582.29,4788.99
USA,Platinum,Web,Card-Present,3464,57,493056.51,8254.789999999999
