Country,Card_Type,Device_Type,Transaction_Type,Total_Transactions,Fraudulent_Transactions,Total_Amount,Fraud_Loss
Australia,Credit,Mobile,ATM,1765,20,260502.88,3386.39
Australia,Credit,Mobile,Online,1806,33,251078.51,3904.52
Australia,Credit,Mobile,POS,1732,29,237241.73,4426.24
Australia,Credit,Terminal,ATM,1720,30,240938.42,4284.76
Australia,Credit,Terminal,Online,1777,28,252198.42,3360.05
Australia,Credit,Terminal,POS,1709,38,242966.43,5125.8099999999995
Australia,Credit,Web,ATM,1717,21,251391.13,3006.66
Australia,Credit,Web,Online,1726,31,246748.23,4367.55
Australia,Credit,Web,POS,1775,19,250318.04,2065.98
Australia,Debit,Mobile,ATM,1738,23,249018.92,3577.75
Australia,Debit,Mobile,Online,1731,29,253962.49,5330.7
Australia,Debit,Mobile,POS,1664,29,240587.46,3474.49
Australia,Debit,Terminal,ATM,1755,32,251581.77,4831.58
Australia,Debit,Terminal,Online,1751,17,250294.19,2132.37
Australia,Debit,Terminal,POS,1776,23,252258.82,3398.64
Australia,Debit,Web,ATM,1816,29,264497.3,4381.73
Australia,Debit,Web,Online,1677,19,236921.2,2267.85
Australia,Debit,Web,POS,1695,30,247306.23,4901.44
Australia,Gold,Mobile,ATM,1762,25,250745.75,3227.77
Australia,Gold,Mobile,Online,1808,23,258249.89,2723.0099999999998
Australia,Gold,Mobile,POS,1733,36,256592.97,5270.98
Australia,Gold,Terminal,ATM,1764,29,266942.31,4682.85
Australia,Gold,Terminal,Online,1701,20,250856.56,4015.61
Australia,Gold,Terminal,POS,1661,22,250143.0,2966.38
Australia,Gold,Web,ATM,1661,33,230296.9,4905.0199999999995
Australia,Gold,Web,Online,1721,22,251501.83,3465.75
Australia,Gold,Web,POS,1703,28,246530.36,4341.45
Australia,Platinum,Mobile,ATM,1792,30,257411.44,4280.96
Australia,Platinum,Mobile,Online,1738,14,254602.91,2365.02
Australia,Platinum,Mobile,POS,1705,19,240971.59,2049.82
Australia,Platinum,Terminal,ATM,1767,32,263427.46,4230.96
Australia,Platinum,Terminal,Online,1768,21,257008.67,3558.99
Australia,Platinum,Terminal,POS,1773,29,269042.6,5152.4
Australia,Platinum,Web,ATM,1728,26,244800.12,3195.2999999999997
Australia,Platinum,Web,Online,1773,22,252475.47,2965.33
Australia,Platinum,Web,POS,1664,18,241839.24,4003.81
Canada,Credit,Mobile,ATM,1750,24,264781.86,3277.31
Canada,Credit,Mobile,Online,1798,28,261365.74,3745.63
Canada,Credit,Mobile,POS,1809,22,268354.71,3088.79
Canada,Credit,Terminal,ATM,1745,19,256630.63,2586.0
Canada,Credit,Terminal,Online,1735,29,253393.78,3993.94
Canada,Credit,Terminal,POS,1732,34,259092.17,3965.41
Canada,Credit,Web,ATM,1675,18,242963.41,2302.1
Canada,Credit,Web,Online,1772,29,258932.36,3845.4
Canada,Credit,Web,POS,1722,23,251744.3,3001.7
Canada,Debit,Mobile,ATM,1769,21,254388.53,3364.15
Canada,Debit,Mobile,Online,1807,24,263927.59,2671.62
Canada,Debit,Mobile,POS,1719,29,251287.48,4576.28
Canada,Debit,Terminal,ATM,1768,24,260295.19,2736.4900000000002
Canada,Debit,Terminal,Online,1768,30,263086.62,4718.99
Canada,Debit,Terminal,POS,1732,27,251610.81,4835.93
Canada,Debit,Web,ATM,1745,20,252842.0,2636.58
Canada,Debit,Web,Online,1716,19,247417.8,2596.39
Canada,Debit,Web,POS,1750,27,253342.42,4523.56
Canada,Gold,Mobile,ATM,1669,32,245414.9,4293.64
Canada,Gold,Mobile,Online,1815,28,257676.83,3158.41
Canada,Gold,Mobile,POS,1780,14,254023.24,2049.65
Canada,Gold,Terminal,ATM,1689,22,241838.73,3451.8199999999997
Canada,Gold,Terminal,Online,1685,27,239082.71,2999.15
Canada,Gold,Terminal,POS,1757,29,258192.97,3906.71
Canada,Gold,Web,ATM,1703,25,233820.09,3848.15
Canada,Gold,Web,Online,1743,20,258444.73,2726.06
Canada,Gold,Web,POS,1717,24,248057.68,3514.62
Canada,Platinum,Mobile,ATM,1702,21,244926.31,2469.52
Canada,Platinum,Mobile,Online,1646,16,235972.91,2017.1
Canada,Platinum,Mobile,POS,1793,27,261980.09,4412.28
Canada,Platinum,Terminal,ATM,1707,31,239588.12,4295.01
Canada,Platinum,Terminal,Online,1761,27,256908.68,3318.89
Canada,Platinum,Terminal,POS,1735,17,251019.18,3043.85
Canada,Platinum,Web,ATM,1766,25,254390.21,3570.07
Canada,Platinum,Web,Online,1768,25,261519.18,2989.29
Canada,Platinum,Web,POS,1766,31,265033.63,4310.83
France,Credit,Mobile,ATM,1733,34,258191.33,5859.99
France,Credit,Mobile,Online,1743,28,251601.24,4119.88
France,Credit,Mobile,POS,1676,23,243080.1,3355.8
France,Credit,Terminal,ATM,1793,30,267289.94,5383.16
France,Credit,Terminal,Online,1620,27,241655.17,4984.38
France,Credit,Terminal,POS,1740,19,261882.24,2972.63
France,Credit,Web,ATM,1733,22,259474.34,2170.91
France,Credit,Web,Online,1809,25,261443.37,5329.32
France,Credit,Web,POS,1674,29,244025.41,5226.51
France,Debit,Mobile,ATM,1700,28,245967.89,3563.48
France,Debit,Mobile,Online,1801,43,268365.17,6779.74
France,Debit,Mobile,POS,1779,34,256968.68,4236.22
France,Debit,Terminal,ATM,1782,18,253949.08,2350.86
France,Debit,Terminal,Online,1677,19,238414.52,2238.7
France,Debit,Terminal,POS,1694,31,247463.73,5429.51
France,Debit,Web,ATM,1776,27,260544.72,3032.59
France,Debit,Web,Online,1721,17,249529.77,2637.4900000000002
France,Debit,Web,POS,1806,27,251448.85,3808.9
France,Gold,Mobile,ATM,1721,31,255038.52,4865.5599999999995
France,Gold,Mobile,Online,1689,19,245753.08,4526.76
France,Gold,Mobile,POS,1788,29,262921.19,3513.53
France,Gold,Terminal,ATM,1742,19,250614.43,3799.13
France,Gold,Terminal,Online,1776,25,257541.62,2859.2599999999998
France,Gold,Terminal,POS,1740,24,246036.38999999998,2739.13
France,Gold,Web,ATM,1698,17,262547.8,2529.36
France,Gold,Web,Online,1698,25,242531.83,3760.31
France,Gold,Web,POS,1687,29,245866.47,3942.14
France,Platinum,Mobile,ATM,1732,29,247047.1,3980.04
France,Platinum,Mobile,Online,1827,30,267257.33,4627.41
France,Platinum,Mobile,POS,1704,23,249658.05,2941.57
France,Platinum,Terminal,ATM,1809,28,270282.69,3951.48
France,Platinum,Terminal,Online,1838,22,262339.06,2587.93
France,Platinum,Terminal,POS,1755,22,251467.09,2253.4900000000002
France,Platinum,Web,ATM,1730,22,248793.73,3307.38
France,Platinum,Web,Online,1734,19,256048.17,2752.36
France,Platinum,Web,POS,1698,28,245801.2,4167.2300000000005
Germany,Credit,Mobile,ATM,1770,25,255959.08,3465.0499999999997
Germany,Credit,Mobile,Online,1789,34,266007.83,4372.19
Germany,Credit,Mobile,POS,1713,42,248644.25,5742.55
Germany,Credit,Terminal,ATM,1726,27,249463.34,4497.5199999999995
Germany,Credit,Terminal,Online,1758,26,251594.99,4151.22
Germany,Credit,Terminal,POS,1746,36,248265.2,4919.46
Germany,Credit,Web,ATM,1722,20,246130.93,2564.19
Germany,Credit,Web,Online,1688,25,243120.78,3663.06
Germany,Credit,Web,POS,1709,23,246137.4,3602.27
Germany,Debit,Mobile,ATM,1717,21,249566.64,2199.21
Germany,Debit,Mobile,Online,1695,33,251998.44,4642.81
Germany,Debit,Mobile,POS,1780,25,259841.84,2980.65
Germany,Debit,Terminal,ATM,1664,24,238149.28,2948.9
Germany,Debit,Terminal,Online,1787,22,251176.16,3295.9300000000003
Germany,Debit,Terminal,POS,1712,31,248738.81,4490.99
Germany,Debit,Web,ATM,1657,30,238207.66,3546.89
Germany,Debit,Web,Online,1752,23,261431.6,3137.9
Germany,Debit,Web,POS,1719,25,248899.13,3269.11
Germany,Gold,Mobile,ATM,1799,27,263413.69,3349.08
Germany,Gold,Mobile,Online,1695,24,242309.11,4616.38
Germany,Gold,Mobile,POS,1694,28,248140.26,3763.82
Germany,Gold,Terminal,ATM,1802,24,265027.0,3794.81
Germany,Gold,Terminal,Online,1705,26,246731.59,3185.54
Germany,Gold,Terminal,POS,1730,25,246268.98,3086.55
Germany,Gold,Web,ATM,1752,32,261675.55,4090.75
Germany,Gold,Web,Online,1720,26,246482.04,3983.61
Germany,Gold,Web,POS,1825,25,264911.89,4905.3
Germany,Platinum,Mobile,ATM,1760,38,253899.93,5740.4
Germany,Platinum,Mobile,Online,1675,26,244217.06,3363.81
Germany,Platinum,Mobile,POS,1733,31,255179.74,4261.2
Germany,Platinum,Terminal,ATM,1765,36,256405.64,5658.97
Germany,Platinum,Terminal,Online,1826,24,262974.8,3957.71
Germany,Platinum,Terminal,POS,1724,30,236753.04,4109.23
Germany,Platinum,Web,ATM,1767,27,252168.13,4228.62
Germany,Platinum,Web,Online,1603,27,233685.71,3537.44
Germany,Platinum,Web,POS,1741,28,255302.03,3175.0
India,Credit,Mobile,ATM,1693,25,238245.45,2716.25
India,Credit,Mobile,Online,1694,32,249155.32,4830.2
India,Credit,Mobile,POS,1820,15,267346.13,2148.76
India,Credit,Terminal,ATM,1689,26,252873.52,4920.5199999999995
India,Credit,Terminal,Online,1715,19,250839.52,3589.72
India,Credit,Terminal,POS,1792,35,257260.73,5063.31
India,Credit,Web,ATM,1786,25,256814.74,3590.05
India,Credit,Web,Online,1684,33,242215.86,3490.15
India,Credit,Web,POS,1738,20,249755.95,2797.63
India,Debit,Mobile,ATM,1727,19,258000.74,2789.36
India,Debit,Mobile,Online,1842,46,260661.17,6266.62
India,Debit,Mobile,POS,1655,24,234244.26,3844.96
India,Debit,Terminal,ATM,1681,36,240406.32,4386.24
India,Debit,Terminal,Online,1766,31,252371.47,5296.85
India,Debit,Terminal,POS,1764,24,254143.41,3514.21
India,Debit,Web,ATM,1739,29,261671.72,4072.41
India,Debit,Web,Online,1667,23,237109.66,2210.71
India,Debit,Web,POS,1760,22,250336.25,3076.58
India,Gold,Mobile,ATM,1675,23,247094.87,3514.82
India,Gold,Mobile,Online,1778,25,259368.52,3716.82
India,Gold,Mobile,POS,1734,24,255912.6,2983.3
India,Gold,Terminal,ATM,1719,26,257377.62,5589.54
India,Gold,Terminal,Online,1726,24,253694.1,3357.02
India,Gold,Terminal,POS,1755,30,251431.68,3777.59
India,Gold,Web,ATM,1669,19,240517.35,2505.28
India,Gold,Web,Online,1743,27,251213.23,4845.25
India,Gold,Web,POS,1697,28,244431.44,3471.27
India,Platinum,Mobile,ATM,1777,32,248744.68,3286.08
India,Platinum,Mobile,Online,1684,27,248229.25,3530.89
India,Platinum,Mobile,POS,1724,29,258463.39,4454.19
India,Platinum,Terminal,ATM,1758,38,253002.46,5219.57
India,Platinum,Terminal,Online,1797,37,259081.55,5390.4
India,Platinum,Terminal,POS,1731,32,253506.47,4356.1
India,Platinum,Web,ATM,1779,14,258525.33,1568.24
India,Platinum,Web,Online,1674,23,250129.61000000002,4436.46
India,Platinum,Web,POS,1718,27,256006.22,4692.71
Singapore,Credit,Mobile,ATM,1710,24,240577.06,3821.57
Singapore,Credit,Mobile,Online,1724,36,254164.88,4770.39
Singapore,Credit,Mobile,POS,1745,21,256136.66,3808.87
Singapore,Credit,Terminal,ATM,1656,27,237448.97,3540.38
Singapore,Credit,Terminal,Online,1765,34,259673.87,7572.85
Singapore,Credit,Terminal,POS,1692,35,243504.5,5594.83
Singapore,Credit,Web,ATM,1662,22,243065.55,3418.95
Singapore,Credit,Web,Online,1695,22,250461.7,2612.38
Singapore,Credit,Web,POS,1711,21,255761.15,3046.1
Singapore,Debit,Mobile,ATM,1720,29,243593.83,4244.15
Singapore,Debit,Mobile,Online,1770,27,252424.22,4212.12
Singapore,Debit,Mobile,POS,1689,12,244428.02,1666.33
Singapore,Debit,Terminal,ATM,1773,31,256139.29,4972.07
Singapore,Debit,Terminal,Online,1724,35,252715.77,4329.59
Singapore,Debit,Terminal,POS,1728,23,245891.07,3912.2000000000003
Singapore,Debit,Web,ATM,1761,28,254171.24,4697.62
Singapore,Debit,Web,Online,1663,20,244278.15,2475.73
Singapore,Debit,Web,POS,1824,27,265496.54,4133.22
Singapore,Gold,Mobile,ATM,1798,35,246617.83,5621.51
Singapore,Gold,Mobile,Online,1688,23,248638.03,5351.1900000000005
Singapore,Gold,Mobile,POS,1775,20,256831.92,2437.79
Singapore,Gold,Terminal,ATM,1751,33,264359.7,5195.04
Singapore,Gold,Terminal,Online,1774,23,260933.34,2782.41
Singapore,Gold,Terminal,POS,1730,27,249069.41,3453.87
Singapore,Gold,Web,ATM,1718,18,243470.33,2212.0
Singapore,Gold,Web,Online,1795,20,259856.56,3327.5
Singapore,Gold,Web,POS,1747,27,253523.68,3424.06
Singapore,Platinum,Mobile,ATM,1747,28,261373.19,4237.26
Singapore,Platinum,Mobile,Online,1757,32,256829.08,4598.28
Singapore,Platinum,Mobile,POS,1758,21,258054.25,3032.27
Singapore,Platinum,Terminal,ATM,1660,22,232818.66,2904.04
Singapore,Platinum,Terminal,Online,1658,27,245250.26,4028.84
Singapore,Platinum,Terminal,POS,1705,27,255825.83,5431.82
Singapore,Platinum,Web,ATM,1750,31,256149.54,5017.34
Singapore,Platinum,Web,Online,1739,23,253198.22,4257.72
Singapore,Platinum,Web,POS,1721,24,259407.49,3551.41
UK,Credit,Mobile,ATM,1766,24,257277.34,2703.95
UK,Credit,Mobile,Online,1772,29,249327.06,3834.0099999999998
UK,Credit,Mobile,POS,1808,26,263473.02,4178.35
UK,Credit,Terminal,ATM,1789,33,260965.5,4209.21
UK,Credit,Terminal,Online,1698,25,261424.72,5009.17
UK,Credit,Terminal,POS,1721,29,249991.27,3354.29
UK,Credit,Web,ATM,1655,29,239431.37,4695.75
UK,Credit,Web,Online,1771,29,262870.39,4484.65
UK,Credit,Web,POS,1779,32,262102.6,4070.8
UK,Debit,Mobile,ATM,1758,23,256162.06,3234.06
UK,Debit,Mobile,Online,1771,22,258675.52,3021.47
UK,Debit,Mobile,POS,1742,25,257406.83,3557.2400000000002
UK,Debit,Terminal,ATM,1744,29,253203.13,3923.0
UK,Debit,Terminal,Online,1703,19,239602.51,2676.2
UK,Debit,Terminal,POS,1729,21,253635.38,3936.05
UK,Debit,Web,ATM,1733,27,260653.67,2936.52
UK,Debit,Web,Online,1778,35,270101.83,4420.15
UK,Debit,Web,POS,1702,31,245261.03,4287.54
UK,Gold,Mobile,ATM,1767,23,271793.95,4098.81
UK,Gold,Mobile,Online,1712,34,247256.43,4514.8
UK,Gold,Mobile,POS,1755,20,253654.33,2637.21
UK,Gold,Terminal,ATM,1755,26,263381.56,3546.0
UK,Gold,Terminal,Online,1694,29,245036.43,3506.6800000000003
UK,Gold,Terminal,POS,1682,26,240820.53,3871.07
UK,Gold,Web,ATM,1674,25,248104.73,3921.27
UK,Gold,Web,Online,1734,29,247846.32,5596.21
UK,Gold,Web,POS,1741,21,256069.39,3878.1
UK,Platinum,Mobile,ATM,1791,33,250879.66,5115.09
UK,Platinum,Mobile,Online,1795,24,262240.38,2485.91
UK,Platinum,Mobile,POS,1727,29,247834.63,4971.03
UK,Platinum,Terminal,ATM,1734,40,251276.12,5023.02
UK,Platinum,Terminal,Online,1739,35,246931.27,6371.11
UK,Platinum,Terminal,POS,1788,20,260117.03,2193.1
UK,Platinum,Web,ATM,1706,24,247050.96,3882.85
UK,Platinum,Web,Online,1800,23,260810.26,2182.0
UK,Platinum,Web,POS,1779,29,258323.29,4507.14
USA,Credit,Mobile,ATM,1696,22,247211.93,2243.3
USA,Credit,Mobile,Online,1753,23,250014.46,3206.17
USA,Credit,Mobile,POS,1721,27,256522.98,3701.94
USA,Credit,Terminal,ATM,1664,21,238104.22,3281.73
USA,Credit,Terminal,Online,1747,27,255259.48,4162.89
USA,Credit,Terminal,POS,1723,25,248924.91,3491.2799999999997
USA,Credit,Web,ATM,1727,15,246887.93,1499.4099999999999
USA,Credit,Web,Online,1768,26,252356.78,3926.84
USA,Credit,Web,POS,1765,27,260338.54,3187.4700000000003
USA,Debit,Mobile,ATM,1729,36,255424.14,5545.4
USA,Debit,Mobile,Online,1656,26,239324.21,3914.94
USA,Debit,Mobile,POS,1715,33,254296.26,6467.43
USA,Debit,Terminal,ATM,1780,22,256524.25,4058.77
USA,Debit,Terminal,Online,1678,25,247139.15,3622.2799999999997
USA,Debit,Terminal,POS,1706,18,245810.69,2710.72
USA,Debit,Web,ATM,1739,27,252451.96,3794.84
USA,Debit,Web,Online,1753,31,255621.3,4534.69
USA,Debit,Web,POS,1755,22,257162.28,3517.47
USA,Gold,Mobile,ATM,1690,28,237229.08,3883.6099999999997
USA,Gold,Mobile,Online,1758,22,254951.11000000002,3376.13
USA,Gold,Mobile,POS,1741,28,257453.47,4487.69
USA,Gold,Terminal,ATM,1745,16,245701.04,2127.09
USA,Gold,Terminal,Online,1765,19,248517.46,2168.15
USA,Gold,Terminal,POS,1751,27,260082.38,2891.98
USA,Gold,Web,ATM,1769,23,259743.57,4544.860000000001
USA,Gold,Web,Online,1726,26,246064.02,3002.16
USA,Gold,Web,POS,1690,27,245394.68,3029.31
USA,Platinum,Mobile,ATM,1769,24,260882.96,3998.93
USA,Platinum,Mobile,Online,1714,25,259692.72,4247.36
USA,Platinum,Mobile,POS,1696,13,241239.68,1496.58
USA,Platinum,Terminal,ATM,1735,17,247916.62,2869.37
USA,Platinum,Terminal,Online,1731,24,248243.94,2860.17
USA,Platinum,Terminal,POS,1775,29,258245.27,4146.85
USA,Platinum,Web,ATM,1719,28,248999.41,3877.69
USA,Platinum,Web,Online,1672,25,252582.29,4788.99
USA,Platinum,Web,POS,1745,29,244057.1,4377.1
