Country,Card_Type,Device_Type,Total_Transactions,Fraudulent_Transactions,Total_Amount,Fraud_Loss
Australia,Credit,Mobile,5303,82,748823.12,11717.15
Australia,Credit,Terminal,5206,96,736103.27,12770.62
Australia,Credit,Web,5218,71,748457.4,9440.19
Australia,Debit,Mobile,5133,81,743568.87,12382.94
Australia,Debit,Terminal,5282,72,754134.78,10362.59
Australia,Debit,Web,5188,78,748724.73,11551.02
Australia,Gold,Mobile,5303,84,765588.61,11221.76
Australia,Gold,Terminal,5126,71,767941.87,11664.84
Australia,Gold,Web,5085,83,728329.09,12712.22
Australia,Platinum,Mobile,5235,63,752985.94,8695.8
Australia,Platinum,Terminal,5308,82,789478.73,12942.35
Australia,Platinum,Web,5165,66,739114.83,10164.44
Canada,Credit,Mobile,5357,74,794502.31,10111.73
Canada,Credit,Terminal,5212,82,769116.58,10545.35
Canada,Credit,Web,5169,70,753640.07,9149.2
Canada,Debit,Mobile,5295,74,769603.6,10612.05
Canada,Debit,Terminal,5268,81,774992.62,12291.41
Canada,Debit,Web,5211,66,753602.22,9756.53
Canada,Gold,Mobile,5264,74,757114.97,9501.7
Canada,Gold,Terminal,5131,78,739114.41,10357.68
Canada,Gold,Web,5163,69,740322.5,10088.83
Canada,Platinum,Mobile,5141,64,742879.31,8898.9
Canada,Platinum,Terminal,5203,75,747515.98,10657.75
Canada,Platinum,Web,5300,81,780943.02,10870.19
France,Credit,Mobile,5152,85,752872.67,13335.67
France,Credit,Terminal,5153,76,770827.35,13340.17
France,Credit,Web,5216,76,764943.12,12726.74
France,Debit,Mobile,5280,105,771301.74,14579.44
France,Debit,Terminal,5153,68,739827.33,10019.07
France,Debit,Web,5303,71,761523.34,9478.98
France,Gold,Mobile,5198,79,763712.79,12905.85
France,Gold,Terminal,5258,68,754192.44,9397.52
France,Gold,Web,5083,71,750946.1,10231.81
France,Platinum,Mobile,5263,82,763962.48,11549.02
France,Platinum,Terminal,5402,72,784088.84,8792.9
France,Platinum,Web,5162,69,750643.1,10226.97
Germany,Credit,Mobile,5272,101,770611.16,13579.789999999999
Germany,Credit,Terminal,5230,89,749323.53,13568.2
Germany,Credit,Web,5119,68,735389.11,9829.52
Germany,Debit,Mobile,5192,79,761406.92,9822.67
Germany,Debit,Terminal,5163,77,738064.25,10735.82
Germany,Debit,Web,5128,78,748538.39,9953.9
Germany,Gold,Mobile,5188,79,753863.06,11729.28
Germany,Gold,Terminal,5237,75,758027.57,10066.9
Germany,Gold,Web,5297,83,773069.48,12979.66
Germany,Platinum,Mobile,5168,95,753296.73,13365.41
Germany,Platinum,Terminal,5315,90,756133.48,13725.91
Germany,Platinum,Web,5111,82,741155.87,10941.06
India,Credit,Mobile,5207,72,754746.9,9695.210000000001
India,Credit,Terminal,5196,80,760973.77,13573.55
India,Credit,Web,5208,78,748786.55,9877.83
India,Debit,Mobile,5224,89,752906.17,12900.94
India,Debit,Terminal,5211,91,746921.2,13197.3
India,Debit,Web,5166,74,749117.63,9359.7
India,Gold,Mobile,5187,72,762375.99,10214.94
India,Gold,Terminal,5200,80,762503.4,12724.15
India,Gold,Web,5109,74,736162.02,10821.800000000001
India,Platinum,Mobile,5185,88,755437.32,11271.16
India,Platinum,Terminal,5286,107,765590.48,14966.07
India,Platinum,Web,5171,64,764661.16,10697.41
Singapore,Credit,Mobile,5179,81,750878.6,12400.83
Singapore,Credit,Terminal,5113,96,740627.34,16708.06
Singapore,Credit,Web,5068,65,749288.4,9077.43
Singapore,Debit,Mobile,5179,68,740446.07,10122.6
Singapore,Debit,Terminal,5225,89,754746.13,13213.86
Singapore,Debit,Web,5248,75,763945.93,11306.57
Singapore,Gold,Mobile,5261,78,752087.78,13410.49
Singapore,Gold,Terminal,5255,83,774362.45,11431.32
Singapore,Gold,Web,5260,65,756850.57,8963.56
Singapore,Platinum,Mobile,5262,81,776256.52,11867.81
Singapore,Platinum,Terminal,5023,76,733894.75,12364.7
Singapore,Platinum,Web,5210,78,768755.25,12826.47
UK,Credit,Mobile,5346,79,770077.42,10716.31
UK,Credit,Terminal,5208,87,772381.49,12572.67
UK,Credit,Web,5205,90,764404.36,13251.2
UK,Debit,Mobile,5271,70,772244.41,9812.77
UK,Debit,Terminal,5176,69,746441.02,10535.25
UK,Debit,Web,5213,93,776016.53,11644.210000000001
UK,Gold,Mobile,5234,77,772704.71,11250.82
UK,Gold,Terminal,5131,81,749238.52,10923.75
UK,Gold,Web,5149,75,752020.44,13395.58
UK,Platinum,Mobile,5313,86,760954.67,12572.03
UK,Platinum,Terminal,5261,95,758324.42,13587.23
UK,Platinum,Web,5285,76,766184.51,10571.99
USA,Credit,Mobile,5170,72,753749.37,9151.41
USA,Credit,Terminal,5134,73,742288.61,10935.9
USA,Credit,Web,5260,68,759583.25,8613.72
USA,Debit,Mobile,5100,95,749044.61,15927.77
USA,Debit,Terminal,5164,65,749474.09,10391.77
USA,Debit,Web,5247,80,765235.54,11847.0
USA,Gold,Mobile,5189,78,749633.66,11747.43
USA,Gold,Terminal,5261,62,754300.88,7187.22
USA,Gold,Web,5185,76,751202.27,10576.33
USA,Platinum,Mobile,5179,62,761815.36,9742.87
USA,Platinum,Terminal,5241,70,754405.83,9876.39
USA,Platinum,Web,5136,82,745638.8,13043.78
