Merchant_Category,Total_Transactions,Fraudulent_Transactions,Total_Amount,Fraud_Loss,Legitimate_Transactions,Fraud_Rate,Average_Fraud_Amount
Travel,49428,770,7196708.63,108012.74,48658,0.015578214777049446,140.27628571428573
Online Services,50030,779,7302187.04,113839.48,49251,0.015570657605436737,146.13540436456995
Groceries,50128,778,7299600.65,120712.02,49350,0.01552026811362911,155.1568380462725
Entertainment,49808,757,7269161.0,110056.44,49051,0.015198361708962415,145.3849933949802
Health,50228,761,7322839.71,111202.52,49467,0.015150911842000478,146.12683311432326
Utilities,49914,741,7219971.36,105384.63,49173,0.01484553431902873,142.21947368421053
Fuel,50239,738,7265606.35,106176.01,49501,0.014689782838034196,143.8699322493225
Electronics,50285,738,7269557.07,109699.03,49547,0.014676344834443671,148.64367208672087
Food,50011,722,7272449.47,104864.21,49289,0.014436823898742276,145.24128808864268
Clothing,49929,716,7215925.55,98271.58,49213,0.014340363315908591,137.2508100558659
