Transaction_Type,Authentication_Method,Is_International,Device_Type,Total_Transactions,Fraudulent_Transactions,Fraud_Loss,Fraud_Rate,Relative_Risk_vs_Overall
POS,PIN only,1,Mobile,1116,26,3351.08,0.023297491039426525,1.5531660692951017
ATM,Chip + PIN,0,Terminal,2804,56,8578.45,0.019971469329529243,1.3314312886352828
POS,PIN only,1,Terminal,1174,23,2893.33,0.019591141396933562,1.3060760931289042
ATM,Chip + PIN,0,Mobile,2812,54,7530.52,0.019203413940256046,1.2802275960170697
POS,Chip + PIN,0,Terminal,2817,52,5908.82,0.01845935392261271,1.2306235948408473
Online,Chip + PIN,0,Mobile,2974,54,8395.33,0.01815736381977135,1.21049092131809
POS,PIN only,0,Terminal,6563,117,17450.96,0.01782721316471126,1.1884808776474174
POS,Neither chip nor PIN,1,Web,4620,81,11624.33,0.01753246753246753,1.1688311688311688
Online,PIN only,0,Web,6534,113,15273.48,0.01729415365779002,1.1529435771860013
Online,Chip only,1,Terminal,1986,34,4794.93,0.017119838872104734,1.141322591473649
ATM,Chip only,1,Mobile,1997,34,4260.7699999999995,0.01702553830746119,1.1350358871640795
ATM,PIN only,1,Terminal,1183,20,2530.5299999999997,0.0169061707523246,1.1270780501549733
POS,Chip only,0,Mobile,11518,190,26083.73,0.016495919430456675,1.099727962030445
ATM,PIN only,1,Web,1155,19,2995.82,0.01645021645021645,1.0966810966810967
Online,Neither chip nor PIN,1,Terminal,4700,77,11575.15,0.016382978723404256,1.0921985815602837
Online,Chip only,0,Mobile,11345,184,25530.47,0.01621859850154253,1.0812399001028354
ATM,Neither chip nor PIN,1,Mobile,4692,76,12156.34,0.01619778346121057,1.0798522307473715
Online,Neither chip nor PIN,0,Mobile,26495,426,63420.92,0.016078505378373277,1.0719003585582185
ATM,Neither chip nor PIN,0,Mobile,26465,423,57867.67,0.015983374267901,1.0655582845267335
POS,Chip only,1,Mobile,1945,31,4362.35,0.015938303341902313,1.062553556126821
ATM,Chip only,1,Terminal,2021,32,6073.65,0.01583374567046017,1.0555830446973447
ATM,PIN only,0,Terminal,6706,106,14595.0,0.015806740232627497,1.0537826821751666
POS,Chip + PIN,0,Web,2847,45,5747.86,0.015806111696522657,1.0537407797681773
POS,Chip only,1,Terminal,1973,31,5603.83,0.015712113532691332,1.0474742355127555
POS,Neither chip nor PIN,0,Terminal,26531,413,57255.98,0.015566695563680222,1.0377797042453483
ATM,Neither chip nor PIN,0,Terminal,26521,408,64166.19,0.015384035292786848,1.0256023528524565
POS,Neither chip nor PIN,0,Web,26473,405,59499.3,0.015298606126997318,1.0199070751331545
ATM,Chip + PIN,0,Web,2811,43,7109.31,0.015297047314123088,1.0198031542748727
Online,Chip only,1,Mobile,2027,31,3993.84,0.015293537247163296,1.0195691498108865
Online,PIN only,1,Terminal,1130,17,2671.51,0.01504424778761062,1.0029498525073746
ATM,Neither chip nor PIN,1,Terminal,4626,69,10015.81,0.014915693904020753,0.9943795936013836
ATM,Chip only,0,Terminal,11271,167,21915.01,0.014816786443084021,0.9877857628722682
ATM,Chip only,0,Mobile,11480,169,24497.15,0.014721254355400696,0.9814169570267132
Online,Chip + PIN,0,Terminal,2855,42,5551.6,0.014711033274956218,0.9807355516637479
Online,Chip only,0,Terminal,11255,165,23752.93,0.014660151043980453,0.9773434029320303
Online,Neither chip nor PIN,0,Terminal,26631,389,58841.93,0.014607036911869625,0.9738024607913084
Online,PIN only,0,Mobile,6644,97,13495.41,0.014599638771824202,0.9733092514549468
Online,Neither chip nor PIN,0,Web,26278,383,52485.55,0.014574929598904026,0.9716619732602684
POS,Neither chip nor PIN,1,Mobile,4541,66,9008.16,0.014534243558687513,0.9689495705791676
POS,Chip only,0,Terminal,11284,162,23900.239999999998,0.01435661113080468,0.957107408720312
Online,Chip only,0,Web,11399,163,25664.41,0.014299499956136504,0.953299997075767
ATM,Neither chip nor PIN,0,Web,26249,375,50816.03,0.014286258524134253,0.9524172349422836
POS,Chip only,0,Web,11355,162,25428.47,0.014266842800528402,0.9511228533685602
Online,Neither chip nor PIN,1,Mobile,4707,67,10837.08,0.014234119396643298,0.9489412931095532
ATM,Chip only,0,Web,11304,159,22686.329999999998,0.014065817409766455,0.937721160651097
Online,PIN only,0,Terminal,6546,92,13769.95,0.014054384356859151,0.9369589571239435
POS,Neither chip nor PIN,0,Mobile,26614,371,54382.39,0.013940031562335612,0.9293354374890409
ATM,PIN only,1,Mobile,1105,15,2701.51,0.013574660633484163,0.9049773755656109
ATM,Neither chip nor PIN,1,Web,4622,62,9599.39,0.013414106447425357,0.8942737631616905
POS,PIN only,1,Web,1193,16,3248.12,0.013411567476948869,0.8941044984632579
ATM,PIN only,0,Web,6680,89,10937.74,0.013323353293413174,0.8882235528942116
POS,PIN only,0,Web,6559,87,12523.07,0.013264217106266199,0.8842811404177466
POS,PIN only,0,Mobile,6592,87,13015.76,0.013197815533980582,0.8798543689320388
Online,Neither chip nor PIN,1,Web,4623,61,9303.53,0.013194895089768548,0.8796596726512366
POS,Neither chip nor PIN,1,Terminal,4631,61,10506.4,0.013172101058086806,0.8781400705391205
Online,Chip + PIN,0,Web,2828,36,5954.84,0.01272984441301273,0.8486562942008488
ATM,Chip only,1,Web,1949,24,4464.9,0.012314007183170857,0.8209338122113905
POS,Chip only,1,Web,1981,24,2396.74,0.012115093387178193,0.8076728924785462
ATM,PIN only,0,Mobile,6619,79,11839.63,0.011935337664299743,0.7956891776199829
Online,PIN only,1,Mobile,1203,14,1499.47,0.011637572734829594,0.7758381823219729
Online,PIN only,1,Web,1168,13,2268.5499999999997,0.01113013698630137,0.7420091324200913
POS,Chip + PIN,0,Mobile,2775,30,4800.68,0.010810810810810811,0.7207207207207208
Online,Chip only,1,Web,1991,18,3170.87,0.009040683073832245,0.6027122049221497
