Hour_of_Day,Total_Transactions,Fraudulent_Transactions,Total_Amount,Fraud_Loss,Legitimate_Transactions,Fraud_Rate,Average_Fraud_Amount
0,20781,347,3066240.15,49581.51,20434,0.01669794523843896,142.88619596541787
1,20680,327,3019391.14,46492.5,20353,0.015812379110251452,142.17889908256882
2,20777,309,3035486.69,44565.85,20468,0.014872214467921259,144.22605177993526
3,20610,309,3008034.53,45836.71,20301,0.014992721979621542,148.33886731391584
4,20713,270,2997222.82,40947.92,20443,0.013035291845700767,151.65896296296296
5,20790,348,3006927.26,46932.21,20442,0.01673881673881674,134.8626724137931
6,20940,303,3005755.95,41165.86,20637,0.014469914040114613,135.86092409240925
7,20721,312,3007355.18,44111.56,20409,0.015057188359635152,141.38320512820513
8,21077,287,3073279.15,41217.04,20790,0.013616738625041515,143.61337979094077
9,20744,309,2999871.77,45995.56,20435,0.014895873505591978,148.85294498381876
10,20709,317,2987112.11,45110.02,20392,0.015307354290405138,142.30290220820189
11,21118,351,3079557.43,47972.44,20767,0.016620892129936546,136.67361823361824
12,20756,323,3037662.15,53380.48,20433,0.015561765272692233,165.2646439628483
13,20776,288,3027538.78,42434.38,20488,0.013862148633038121,147.34159722222222
14,20805,331,3025003.46,46755.88,20474,0.015909637106464793,141.2564350453172
15,20965,331,2992805.12,47707.25,20634,0.015788218459336992,144.130664652568
16,21073,313,3065365.92,49288.35,20760,0.014853129597114791,157.47076677316292
17,20905,296,3050999.82,42792.98,20609,0.01415929203539823,144.57087837837838
18,20928,302,3037102.63,44657.01,20626,0.014430428134556575,147.8708940397351
19,20989,324,3050050.42,45049.63,20665,0.015436657296679214,139.04206790123456
20,20672,286,2989522.73,41958.63,20386,0.013835139318885449,146.7084965034965
21,20858,289,3028956.59,41629.99,20569,0.01385559497554895,144.04840830449825
22,20917,310,3034584.47,44533.08,20607,0.01482048094851078,143.65509677419357
23,20696,318,3008180.56,48101.82,20378,0.015365287978353305,151.26358490566037
