Month,Total_Transactions,Fraudulent_Transactions,Total_Amount,Fraud_Loss,Legitimate_Transactions,Fraud_Rate,Average_Fraud_Amount
2024-01,24272,348,3541467.52,52195.52,23924,0.014337508239947264,149.9871264367816
2024-02,22658,300,3323605.6,43959.73,22358,0.013240356606937946,146.53243333333333
2024-03,24332,376,3538034.85,54612.85,23956,0.015452901528850895,145.2469414893617
2024-04,23425,338,3400382.22,50554.32,23087,0.014429028815368197,149.56899408284025
2024-05,24419,391,3539970.64,59019.76,24028,0.01601212170850567,150.9456777493606
2024-06,23596,380,3421365.96,54812.91,23216,0.016104424478725208,144.24450000000002
2024-07,24417,383,3519692.41,56210.68,24034,0.01568579268542409,146.7641775456919
2024-08,24459,382,3518268.47,55143.73,24077,0.015617972934298213,144.35531413612566
2024-09,23560,376,3408335.05,50823.56,23184,0.01595925297113752,135.16904255319147
2024-10,24579,363,3573946.22,50501.19,24216,0.014768704992066398,139.1217355371901
2024-11,23426,354,3403989.88,52141.62,23072,0.015111414667463501,147.29271186440678
2024-12,24308,387,3482632.59,59688.69,23921,0.015920684548296857,154.23434108527132
2025-01,24033,362,3484302.29,55412.57,23671,0.01506262222777015,153.07339779005525
2025-02,21703,306,3172805.86,43859.97,21397,0.01409943325807492,143.33323529411766
2025-03,24437,347,3560028.97,47025.44,24090,0.014199779023611737,135.52
2025-04,23229,336,3388869.62,49295.02,22893,0.014464677773472814,146.71136904761903
2025-05,24295,360,3532845.44,53972.02,23935,0.014817863757974892,149.92227777777777
2025-06,23678,372,3466368.42,51539.38,23306,0.015710786383985133,138.5467204301075
2025-07,24145,341,3524780.64,49130.15,23804,0.014123006833712985,144.0766862170088
2025-08,24211,362,3514970.87,48857.92,23849,0.014951881376233944,134.96662983425415
2025-09,22818,336,3317343.31,49461.63,22482,0.014725216933999474,147.20723214285712
