Week_Start,Total_Transactions,Fraudulent_Transactions,Total_Amount,Fraud_Loss,Legitimate_Transactions,Fraud_Rate,Average_Fraud_Amount
2024-01-01,5493,81,803318.15,12424.11,5412,0.01474604041507373,153.38407407407408
2024-01-08,5437,92,810832.85,14769.789999999999,5345,0.016921096192753355,160.5411956521739
2024-01-15,5414,74,786825.23,10486.66,5340,0.013668267454746953,141.71162162162162
2024-01-22,5533,71,793413.03,9005.57,5462,0.012832098319175854,126.83901408450704
2024-01-29,5577,66,817434.98,10378.92,5511,0.011834319526627219,157.25636363636363
2024-02-05,5394,77,787713.66,11460.66,5317,0.014275120504263997,148.83974025974027
2024-02-12,5488,77,799702.35,10345.11,5411,0.01403061224489796,134.35207792207794
2024-02-19,5481,67,797680.91,10280.27,5414,0.012224046706805327,153.4368656716418
2024-02-26,5465,78,820998.28,12047.44,5387,0.014272644098810613,154.45435897435897
2024-03-04,5449,81,793967.31,12136.7,5368,0.014865112864745825,149.8358024691358
2024-03-11,5627,92,813176.0,13392.880000000001,5535,0.016349742313843965,145.57478260869567
2024-03-18,5503,83,797661.99,12757.75,5420,0.015082682173359986,153.7078313253012
2024-03-25,5401,85,780383.23,11282.24,5316,0.01573782632845769,132.73223529411766
2024-04-01,5448,74,790286.43,11927.59,5374,0.013582966226138032,161.18364864864864
2024-04-08,5474,82,803049.41,10823.78,5392,0.014979905005480453,131.99731707317073
2024-04-15,5540,81,801960.94,13358.15,5459,0.014620938628158844,164.91543209876542
2024-04-22,5422,74,786765.85,10331.03,5348,0.01364810033198082,139.60851351351351
2024-04-29,5479,90,789107.81,13458.34,5389,0.01642635517430188,149.5371111111111
2024-05-06,5546,85,813371.55,12315.57,5461,0.015326361341507392,144.8890588235294
2024-05-13,5564,82,797914.96,13431.789999999999,5482,0.014737598849748382,163.8023170731707
2024-05-20,5472,89,796922.27,14094.6,5383,0.016264619883040937,158.36629213483147
2024-05-27,5487,104,785085.86,13852.6,5383,0.018953891015126664,133.19807692307694
2024-06-03,5435,82,794005.74,11669.01,5353,0.015087396504139835,142.305
2024-06-10,5442,108,790562.28,15451.9,5334,0.019845644983461964,143.07314814814814
2024-06-17,5623,88,812702.21,12093.22,5535,0.015650008892050506,137.42295454545453
2024-06-24,5508,70,799983.51,11579.41,5438,0.012708787218591141,165.42014285714285
2024-07-01,5370,78,758308.72,11047.9,5292,0.01452513966480447,141.63974358974357
2024-07-08,5467,97,784055.08,13600.710000000001,5370,0.01774282055972197,140.2135051546392
2024-07-15,5647,89,831172.37,13252.9,5558,0.015760580839383743,148.90898876404495
2024-07-22,5549,84,794841.94,13122.46,5465,0.015137862677959992,156.2197619047619
2024-07-29,5541,91,812059.26,13973.66,5450,0.016423028334235697,153.5567032967033
2024-08-05,5502,78,781862.5,10304.49,5424,0.014176663031624863,132.10884615384614
2024-08-12,5514,98,808977.64,15720.76,5416,0.017772941603191875,160.41591836734693
2024-08-19,5542,84,782891.8,11059.35,5458,0.015156983038614218,131.6589285714286
2024-08-26,5501,76,790724.61,10121.11,5425,0.013815669878203964,133.1725
2024-09-02,5514,84,792311.13,11047.95,5430,0.015233949945593036,131.5232142857143
2024-09-09,5360,87,769324.46,12334.23,5273,0.01623134328358209,141.77275862068964
2024-09-16,5463,78,793801.74,10698.83,5385,0.014277869302580999,137.16448717948717
2024-09-23,5629,109,824754.02,14869.28,5520,0.019364007816663704,136.4154128440367
2024-09-30,5552,86,806634.41,11751.48,5466,0.015489913544668587,136.64511627906975
2024-10-07,5639,91,816674.56,11510.8,5548,0.016137613051959567,126.49230769230769
2024-10-14,5531,75,808238.01,11433.72,5456,0.013559934912312421,152.4496
2024-10-21,5441,68,793737.48,11190.88,5373,0.012497702628193347,164.57176470588234
2024-10-28,5596,99,807163.41,12787.289999999999,5497,0.01769120800571837,129.16454545454545
2024-11-04,5306,78,776534.31,11702.75,5228,0.014700339238597813,150.0352564102564
2024-11-11,5446,87,776426.1,13288.05,5359,0.015975027543150937,152.73620689655172
2024-11-18,5564,64,827561.11,9448.58,5500,0.011502516175413372,147.6340625
2024-11-25,5539,87,799088.71,12085.21,5452,0.015706806282722512,138.91045977011493
2024-12-02,5538,87,797509.45,14389.49,5451,0.01570964247020585,165.3964367816092
2024-12-09,5384,75,777534.01,12545.99,5309,0.013930163447251115,167.27986666666666
2024-12-16,5605,112,803140.89,17001.91,5493,0.019982158786797502,151.80276785714287
2024-12-23,5398,78,761391.16,10518.16,5320,0.014449796220822526,134.84820512820514
2024-12-30,5514,90,792363.21,14132.83,5424,0.01632208922742111,157.03144444444445
2025-01-06,5398,88,782119.51,12522.31,5310,0.016302334197851057,142.29897727272726
2025-01-13,5473,68,786709.0,10263.29,5405,0.012424630001827152,150.93073529411765
2025-01-20,5383,90,777187.27,14160.6,5293,0.016719301504737136,157.34
2025-01-27,5390,75,791766.28,11487.26,5315,0.013914656771799629,153.16346666666666
2025-02-03,5560,74,812810.53,10997.38,5486,0.013309352517985611,148.61324324324323
2025-02-10,5361,89,777278.26,11313.22,5272,0.0166013803394889,127.11483146067415
2025-02-17,5429,70,802539.91,10630.35,5359,0.01289371891692761,151.86214285714286
2025-02-24,5469,70,798464.08,10778.44,5399,0.012799414883891021,153.97771428571428
2025-03-03,5431,78,802628.46,10578.81,5353,0.014361995949180629,135.62576923076924
2025-03-10,5646,77,822968.02,10947.67,5569,0.013637973786751682,142.17753246753247
2025-03-17,5486,96,801732.99,12501.31,5390,0.017499088589135983,130.22197916666667
2025-03-24,5509,64,795506.74,8068.12,5445,0.011617353421673625,126.064375
2025-03-31,5340,71,779766.48,11674.66,5269,0.013295880149812735,164.4318309859155
2025-04-07,5481,79,792089.27,10672.26,5402,0.014413428206531655,135.09189873417722
2025-04-14,5388,83,777733.63,11743.87,5305,0.01540460282108389,141.49240963855422
2025-04-21,5394,86,791008.83,13150.69,5308,0.015943641082684465,152.915
2025-04-28,5508,76,800485.5,10486.65,5432,0.013798111837327523,137.98223684210527
2025-05-05,5436,88,783241.36,12622.55,5348,0.016188373804267846,143.43806818181818
2025-05-12,5392,77,803710.48,11528.86,5315,0.014280415430267063,149.72545454545454
2025-05-19,5585,82,818203.5,12585.84,5503,0.01468218442256043,153.4858536585366
2025-05-26,5548,84,799768.54,13019.08,5464,0.01514059120403749,154.98904761904762
2025-06-02,5462,83,790927.29,12266.97,5379,0.015195898938117906,147.79481927710842
2025-06-09,5576,79,816779.88,11838.710000000001,5497,0.014167862266857963,149.85708860759496
2025-06-16,5516,102,812913.38,12849.45,5414,0.01849166062364032,125.97500000000001
2025-06-23,5528,77,804700.93,10347.42,5451,0.013929088277858177,134.3820779220779
2025-06-30,5411,66,802506.44,10369.69,5345,0.012197375716133801,157.11651515151516
2025-07-07,5584,76,806970.34,9775.97,5508,0.013610315186246419,128.6311842105263
2025-07-14,5378,76,780101.1,11436.88,5302,0.014131647452584604,150.48526315789474
2025-07-21,5407,87,791066.69,13002.32,5320,0.0160902533752543,149.4519540229885
2025-07-28,5486,84,797327.78,10929.8,5402,0.015311702515493984,130.11666666666665
2025-08-04,5622,83,816196.72,9961.77,5539,0.014763429384560654,120.02132530120483
2025-08-11,5416,67,787779.49,8372.51,5349,0.012370753323485967,124.96283582089552
2025-08-18,5410,92,789277.27,13275.26,5318,0.017005545286506468,144.2963043478261
2025-08-25,5425,84,788488.69,12501.2,5341,0.015483870967741935,148.82380952380953
2025-09-01,5530,89,804373.12,13449.57,5441,0.016094032549728753,151.11876404494382
2025-09-08,5525,83,802711.34,12706.04,5442,0.015022624434389141,153.08481927710844
2025-09-15,5432,82,797985.39,12542.11,5350,0.015095729013254787,152.95256097560977
2025-09-22,5492,70,793068.1,9127.55,5422,0.012745812090313183,130.39357142857142
2025-09-29,839,12,119205.36,1636.36,827,0.014302741358760428,136.36333333333332
